{
  "project_info": {
    "project_number": "797790974486",
    "firebase_url": "https://sp02-dfccd-default-rtdb.firebaseio.com",
    "project_id": "sp02-dfccd",
    "storage_bucket": "sp02-dfccd.appspot.com"
  },
  "client": [
    {
      "client_info": {
        "mobilesdk_app_id": "1:797790974486:android:187c8edc13f3e39c80fb37",
        "android_client_info": {
          "package_name": "com.example.healthcare"
        }
      },
      "oauth_client": [
        {
          "client_id": "797790974486-uo5jt02aocv5mpid7dt3fjq1o7bd1clb.apps.googleusercontent.com",
          "client_type": 3
        }
      ],
      "api_key": [
        {
          "current_key": "AIzaSyBmK6XDCGRnaxtvXMvSp7P-SWmJqyEJ9u4"
        }
      ],
      "services": {
        "appinvite_service": {
          "other_platform_oauth_client": [
            {
              "client_id": "797790974486-uo5jt02aocv5mpid7dt3fjq1o7bd1clb.apps.googleusercontent.com",
              "client_type": 3
            }
          ]
        }
      }
    }
  ],
  "configuration_version": "1"
}